Country,Confirmed,Deaths,Recovered,Active,Date
Turkey,0,0,0,0,2020-01-22T00:00:00Z
Turkey,0,0,0,0,2020-01-23T00:00:00Z
Turkey,0,0,0,0,2020-01-24T00:00:00Z
Turkey,0,0,0,0,2020-01-25T00:00:00Z
Turkey,0,0,0,0,2020-01-26T00:00:00Z
Turkey,0,0,0,0,2020-01-27T00:00:00Z
Turkey,0,0,0,0,2020-01-28T00:00:00Z
Turkey,0,0,0,0,2020-01-29T00:00:00Z
Turkey,0,0,0,0,2020-01-30T00:00:00Z
Turkey,0,0,0,0,2020-01-31T00:00:00Z
Turkey,0,0,0,0,2020-02-01T00:00:00Z
Turkey,0,0,0,0,2020-02-02T00:00:00Z
Turkey,0,0,0,0,2020-02-03T00:00:00Z
Turkey,0,0,0,0,2020-02-04T00:00:00Z
Turkey,0,0,0,0,2020-02-05T00:00:00Z
Turkey,0,0,0,0,2020-02-06T00:00:00Z
Turkey,0,0,0,0,2020-02-07T00:00:00Z
Turkey,0,0,0,0,2020-02-08T00:00:00Z
Turkey,0,0,0,0,2020-02-09T00:00:00Z
Turkey,0,0,0,0,2020-02-10T00:00:00Z
Turkey,0,0,0,0,2020-02-11T00:00:00Z
Turkey,0,0,0,0,2020-02-12T00:00:00Z
Turkey,0,0,0,0,2020-02-13T00:00:00Z
Turkey,0,0,0,0,2020-02-14T00:00:00Z
Turkey,0,0,0,0,2020-02-15T00:00:00Z
Turkey,0,0,0,0,2020-02-16T00:00:00Z
Turkey,0,0,0,0,2020-02-17T00:00:00Z
Turkey,0,0,0,0,2020-02-18T00:00:00Z
Turkey,0,0,0,0,2020-02-19T00:00:00Z
Turkey,0,0,0,0,2020-02-20T00:00:00Z
Turkey,0,0,0,0,2020-02-21T00:00:00Z
Turkey,0,0,0,0,2020-02-22T00:00:00Z
Turkey,0,0,0,0,2020-02-23T00:00:00Z
Turkey,0,0,0,0,2020-02-24T00:00:00Z
Turkey,0,0,0,0,2020-02-25T00:00:00Z
Turkey,0,0,0,0,2020-02-26T00:00:00Z
Turkey,0,0,0,0,2020-02-27T00:00:00Z
Turkey,0,0,0,0,2020-02-28T00:00:00Z
Turkey,0,0,0,0,2020-02-29T00:00:00Z
Turkey,0,0,0,0,2020-03-01T00:00:00Z
Turkey,0,0,0,0,2020-03-02T00:00:00Z
Turkey,0,0,0,0,2020-03-03T00:00:00Z
Turkey,0,0,0,0,2020-03-04T00:00:00Z
Turkey,0,0,0,0,2020-03-05T00:00:00Z
Turkey,0,0,0,0,2020-03-06T00:00:00Z
Turkey,0,0,0,0,2020-03-07T00:00:00Z
Turkey,0,0,0,0,2020-03-08T00:00:00Z
Turkey,0,0,0,0,2020-03-09T00:00:00Z
Turkey,0,0,0,0,2020-03-10T00:00:00Z
Turkey,1,0,0,1,2020-03-11T00:00:00Z
Turkey,1,0,0,1,2020-03-12T00:00:00Z
Turkey,5,0,0,5,2020-03-13T00:00:00Z
Turkey,5,0,0,5,2020-03-14T00:00:00Z
Turkey,6,0,0,6,2020-03-15T00:00:00Z
Turkey,18,0,0,18,2020-03-16T00:00:00Z
Turkey,47,1,0,46,2020-03-17T00:00:00Z
Turkey,98,1,0,97,2020-03-18T00:00:00Z
Turkey,192,3,0,189,2020-03-19T00:00:00Z
Turkey,359,4,0,355,2020-03-20T00:00:00Z
Turkey,670,9,0,661,2020-03-21T00:00:00Z
Turkey,1236,30,0,1206,2020-03-22T00:00:00Z
Turkey,1529,37,0,1492,2020-03-23T00:00:00Z
Turkey,1872,44,0,1828,2020-03-24T00:00:00Z
Turkey,2433,59,26,2348,2020-03-25T00:00:00Z
Turkey,3629,75,26,3528,2020-03-26T00:00:00Z
Turkey,5698,92,42,5564,2020-03-27T00:00:00Z
Turkey,7402,108,70,7224,2020-03-28T00:00:00Z
Turkey,9217,131,105,8981,2020-03-29T00:00:00Z
Turkey,10827,168,162,10497,2020-03-30T00:00:00Z
Turkey,13531,214,243,13074,2020-03-31T00:00:00Z
Turkey,15679,277,333,15069,2020-04-01T00:00:00Z
Turkey,18135,356,415,17364,2020-04-02T00:00:00Z
Turkey,20921,425,484,20012,2020-04-03T00:00:00Z
Turkey,23934,501,786,22647,2020-04-04T00:00:00Z
Turkey,27069,574,1042,25453,2020-04-05T00:00:00Z
Turkey,30217,649,1326,28242,2020-04-06T00:00:00Z
Turkey,34109,725,1582,31802,2020-04-07T00:00:00Z
Turkey,38226,812,1846,35568,2020-04-08T00:00:00Z
Turkey,42282,908,2142,39232,2020-04-09T00:00:00Z
Turkey,47029,1006,2423,43600,2020-04-10T00:00:00Z
Turkey,52167,1101,2965,48101,2020-04-11T00:00:00Z
Turkey,56956,1198,3446,52312,2020-04-12T00:00:00Z
Turkey,61049,1296,3957,55796,2020-04-13T00:00:00Z
Turkey,65111,1403,4799,58909,2020-04-14T00:00:00Z
Turkey,69392,1518,5674,62200,2020-04-15T00:00:00Z
Turkey,74193,1643,7089,65461,2020-04-16T00:00:00Z
Turkey,78546,1769,8631,68146,2020-04-17T00:00:00Z
Turkey,82329,1890,10453,69986,2020-04-18T00:00:00Z
Turkey,86306,2017,11976,72313,2020-04-19T00:00:00Z
Turkey,90980,2140,13430,75410,2020-04-20T00:00:00Z
Turkey,95591,2259,14918,78414,2020-04-21T00:00:00Z
Turkey,98674,2376,16477,79821,2020-04-22T00:00:00Z
Turkey,101790,2491,18491,80808,2020-04-23T00:00:00Z
Turkey,104912,2600,21737,80575,2020-04-24T00:00:00Z
Turkey,107773,2706,25582,79485,2020-04-25T00:00:00Z
Turkey,110130,2805,29140,78185,2020-04-26T00:00:00Z
Turkey,112261,2900,33791,75570,2020-04-27T00:00:00Z
Turkey,114653,2992,38809,72852,2020-04-28T00:00:00Z
Turkey,117589,3081,44040,70468,2020-04-29T00:00:00Z
Turkey,120204,3174,48886,68144,2020-04-30T00:00:00Z
Turkey,122392,3258,53808,65326,2020-05-01T00:00:00Z
Turkey,124375,3336,58259,62780,2020-05-02T00:00:00Z
Turkey,126045,3397,63151,59497,2020-05-03T00:00:00Z
Turkey,127659,3461,68166,56032,2020-05-04T00:00:00Z
Turkey,129491,3520,73285,52686,2020-05-05T00:00:00Z
Turkey,131744,3584,78202,49958,2020-05-06T00:00:00Z
Turkey,133721,3641,82984,47096,2020-05-07T00:00:00Z
Turkey,135569,3689,86396,45484,2020-05-08T00:00:00Z
Turkey,137115,3739,89480,43896,2020-05-09T00:00:00Z
Turkey,138657,3786,92691,42180,2020-05-10T00:00:00Z
Turkey,139771,3841,95780,40150,2020-05-11T00:00:00Z
Turkey,141475,3894,98889,38692,2020-05-12T00:00:00Z
Turkey,143114,3952,101715,37447,2020-05-13T00:00:00Z
Turkey,144749,4007,104030,36712,2020-05-14T00:00:00Z
Turkey,146457,4055,106133,36269,2020-05-15T00:00:00Z
Turkey,148067,4096,108137,35834,2020-05-16T00:00:00Z
Turkey,149435,4140,109962,35333,2020-05-17T00:00:00Z
Turkey,150593,4171,111577,34845,2020-05-18T00:00:00Z
Turkey,151615,4199,112895,34521,2020-05-19T00:00:00Z
Turkey,152587,4222,113987,34378,2020-05-20T00:00:00Z
Turkey,153548,4249,114990,34309,2020-05-21T00:00:00Z
Turkey,154500,4276,116111,34113,2020-05-22T00:00:00Z
Turkey,155686,4308,117602,33776,2020-05-23T00:00:00Z
Turkey,156827,4340,118694,33793,2020-05-24T00:00:00Z
Turkey,157814,4369,120015,33430,2020-05-25T00:00:00Z
Turkey,158762,4397,121507,32858,2020-05-26T00:00:00Z
Turkey,159797,4431,122793,32573,2020-05-27T00:00:00Z
Turkey,160979,4461,124369,32149,2020-05-28T00:00:00Z
Turkey,162120,4489,125963,31668,2020-05-29T00:00:00Z
Turkey,163103,4515,126984,31604,2020-05-30T00:00:00Z
Turkey,163942,4540,127973,31429,2020-05-31T00:00:00Z
Turkey,164769,4563,128947,31259,2020-06-01T00:00:00Z
Turkey,165555,4585,129921,31049,2020-06-02T00:00:00Z
Turkey,166422,4609,130852,30961,2020-06-03T00:00:00Z
Turkey,167410,4630,131778,31002,2020-06-04T00:00:00Z
Turkey,168340,4648,133400,30292,2020-06-05T00:00:00Z
Turkey,169218,4669,135322,29227,2020-06-06T00:00:00Z
Turkey,170132,4692,137969,27471,2020-06-07T00:00:00Z
Turkey,171121,4711,141380,25030,2020-06-08T00:00:00Z
Turkey,172114,4729,144598,22787,2020-06-09T00:00:00Z
Turkey,173036,4746,146839,21451,2020-06-10T00:00:00Z
Turkey,174023,4763,147860,21400,2020-06-11T00:00:00Z
Turkey,175218,4778,149102,21338,2020-06-12T00:00:00Z
Turkey,176677,4792,150087,21798,2020-06-13T00:00:00Z
Turkey,178239,4807,151417,22015,2020-06-14T00:00:00Z
Turkey,179831,4825,152364,22642,2020-06-15T00:00:00Z
Turkey,181298,4842,153379,23077,2020-06-16T00:00:00Z
Turkey,182727,4861,154640,23226,2020-06-17T00:00:00Z
Turkey,184031,4882,156022,23127,2020-06-18T00:00:00Z
Turkey,185245,4905,157516,22824,2020-06-19T00:00:00Z
Turkey,186493,4927,158828,22738,2020-06-20T00:00:00Z
Turkey,187685,4950,160240,22495,2020-06-21T00:00:00Z
Turkey,188897,4974,161533,22390,2020-06-22T00:00:00Z
Turkey,190165,5001,162848,22316,2020-06-23T00:00:00Z
Turkey,191657,5025,164234,22398,2020-06-24T00:00:00Z
Turkey,193115,5046,165706,22363,2020-06-25T00:00:00Z
Turkey,194511,5065,167198,22248,2020-06-26T00:00:00Z
Turkey,195883,5082,169182,21619,2020-06-27T00:00:00Z
Turkey,197239,5097,170595,21547,2020-06-28T00:00:00Z
Turkey,198613,5115,171809,21689,2020-06-29T00:00:00Z
Turkey,199906,5131,173111,21664,2020-06-30T00:00:00Z
Turkey,201098,5150,175422,20526,2020-07-01T00:00:00Z
Turkey,202284,5167,176965,20152,2020-07-02T00:00:00Z
Turkey,203456,5186,178278,19992,2020-07-03T00:00:00Z
Turkey,204610,5206,179492,19912,2020-07-04T00:00:00Z
Turkey,205758,5225,180680,19853,2020-07-05T00:00:00Z
Turkey,206844,5241,182995,18608,2020-07-06T00:00:00Z
Turkey,207897,5260,185292,17345,2020-07-07T00:00:00Z
Turkey,208938,5282,187511,16145,2020-07-08T00:00:00Z
Turkey,209962,5300,190390,14272,2020-07-09T00:00:00Z
Turkey,210965,5323,191883,13759,2020-07-10T00:00:00Z
Turkey,211981,5344,193217,13420,2020-07-11T00:00:00Z
Turkey,212993,5363,194515,13115,2020-07-12T00:00:00Z
Turkey,214001,5382,195671,12948,2020-07-13T00:00:00Z
Turkey,214993,5402,196720,12871,2020-07-14T00:00:00Z
Turkey,215940,5419,197733,12788,2020-07-15T00:00:00Z
Turkey,216873,5440,198820,12613,2020-07-16T00:00:00Z
Turkey,217799,5458,199834,12507,2020-07-17T00:00:00Z
Turkey,218717,5475,201013,12229,2020-07-18T00:00:00Z
Turkey,219641,5491,202010,12140,2020-07-19T00:00:00Z
Turkey,220572,5508,203002,12062,2020-07-20T00:00:00Z
Turkey,221500,5526,204011,11963,2020-07-21T00:00:00Z
Turkey,222402,5545,205214,11643,2020-07-22T00:00:00Z
Turkey,223315,5563,206365,11387,2020-07-23T00:00:00Z
Turkey,224252,5580,207374,11298,2020-07-24T00:00:00Z
Turkey,225173,5596,208477,11100,2020-07-25T00:00:00Z
Turkey,226100,5613,209487,11000,2020-07-26T00:00:00Z
Turkey,227019,5630,210469,10920,2020-07-27T00:00:00Z
Turkey,227982,5645,211561,10776,2020-07-28T00:00:00Z
Turkey,228924,5659,212557,10708,2020-07-29T00:00:00Z
Turkey,229891,5674,213539,10678,2020-07-30T00:00:00Z
Turkey,230873,5691,214535,10647,2020-07-31T00:00:00Z
Turkey,231869,5710,215516,10643,2020-08-01T00:00:00Z
Turkey,232856,5728,216494,10634,2020-08-02T00:00:00Z
Turkey,233851,5747,217497,10607,2020-08-03T00:00:00Z
Turkey,234934,5765,218491,10678,2020-08-04T00:00:00Z
Turkey,236112,5784,219506,10822,2020-08-05T00:00:00Z
Turkey,237265,5798,220546,10921,2020-08-06T00:00:00Z
Turkey,238450,5813,221574,11063,2020-08-07T00:00:00Z
Turkey,239622,5829,222656,11137,2020-08-08T00:00:00Z
Turkey,240804,5844,223759,11201,2020-08-09T00:00:00Z
Turkey,241997,5858,224970,11169,2020-08-10T00:00:00Z
Turkey,243180,5873,226155,11152,2020-08-11T00:00:00Z
Turkey,244392,5891,227089,11412,2020-08-12T00:00:00Z
Turkey,245635,5912,228057,11666,2020-08-13T00:00:00Z
Turkey,246861,5934,228980,11947,2020-08-14T00:00:00Z
Turkey,248117,5955,229972,12190,2020-08-15T00:00:00Z
Turkey,249309,5974,230969,12366,2020-08-16T00:00:00Z
Turkey,250542,5996,231971,12575,2020-08-17T00:00:00Z
Turkey,251805,6016,232913,12876,2020-08-18T00:00:00Z
Turkey,253108,6039,233915,13154,2020-08-19T00:00:00Z
Turkey,254520,6058,234797,13665,2020-08-20T00:00:00Z
Turkey,255723,6080,235569,14074,2020-08-21T00:00:00Z
Turkey,257032,6102,236370,14560,2020-08-22T00:00:00Z
Turkey,258249,6121,237165,14963,2020-08-23T00:00:00Z
Turkey,259692,6139,237908,15645,2020-08-24T00:00:00Z
Turkey,261194,6163,238795,16236,2020-08-25T00:00:00Z
Turkey,262507,6183,239797,16527,2020-08-26T00:00:00Z
Turkey,263998,6209,240792,16997,2020-08-27T00:00:00Z
Turkey,265515,6245,241809,17461,2020-08-28T00:00:00Z
Turkey,267064,6284,242812,17968,2020-08-29T00:00:00Z
Turkey,268546,6326,243839,18381,2020-08-30T00:00:00Z
Turkey,270133,6370,244926,18837,2020-08-31T00:00:00Z
Turkey,271705,6417,245929,19359,2020-09-01T00:00:00Z
Turkey,273301,6462,246876,19963,2020-09-02T00:00:00Z
Turkey,274943,6511,248087,20345,2020-09-03T00:00:00Z
Turkey,276555,6564,249108,20883,2020-09-04T00:00:00Z
Turkey,278228,6620,250092,21516,2020-09-05T00:00:00Z
Turkey,279806,6673,251105,22028,2020-09-06T00:00:00Z
Turkey,281509,6730,252152,22627,2020-09-07T00:00:00Z
Turkey,283270,6782,253245,23243,2020-09-08T00:00:00Z
Turkey,284943,6837,254188,23918,2020-09-09T00:00:00Z
Turkey,286455,6895,255407,24153,2020-09-10T00:00:00Z
Turkey,288126,6951,256524,24651,2020-09-11T00:00:00Z
Turkey,289635,6999,257731,24905,2020-09-12T00:00:00Z
Turkey,291162,7056,258833,25273,2020-09-13T00:00:00Z
Turkey,292878,7119,260058,25701,2020-09-14T00:00:00Z
Turkey,294620,7186,261260,26174,2020-09-15T00:00:00Z
Turkey,296391,7249,262602,26540,2020-09-16T00:00:00Z
Turkey,298039,7315,263745,26979,2020-09-17T00:00:00Z
Turkey,299810,7377,264805,27628,2020-09-18T00:00:00Z
Turkey,301348,7445,266117,27786,2020-09-19T00:00:00Z
Turkey,302867,7506,267233,28128,2020-09-20T00:00:00Z
Turkey,304610,7574,268435,28601,2020-09-21T00:00:00Z
Turkey,306302,7639,269696,28967,2020-09-22T00:00:00Z
Turkey,308069,7711,270723,29635,2020-09-23T00:00:00Z
Turkey,309790,7785,271964,30041,2020-09-24T00:00:00Z
Turkey,311455,7858,273282,30315,2020-09-25T00:00:00Z
Turkey,312966,7929,274514,30523,2020-09-26T00:00:00Z
Turkey,314433,7997,275630,30806,2020-09-27T00:00:00Z
Turkey,315845,8062,277052,30731,2020-09-28T00:00:00Z
Turkey,317272,8130,278504,30638,2020-09-29T00:00:00Z
Turkey,318663,8195,279749,30719,2020-09-30T00:00:00Z
Turkey,320070,8262,281151,30657,2020-10-01T00:00:00Z
Turkey,321512,8325,282657,30530,2020-10-02T00:00:00Z
Turkey,323014,8384,283868,30762,2020-10-03T00:00:00Z
Turkey,324443,8441,285050,30952,2020-10-04T00:00:00Z
Turkey,326046,8498,286370,31178,2020-10-05T00:00:00Z
Turkey,327557,8553,287599,31405,2020-10-06T00:00:00Z
Turkey,329138,8609,288954,31575,2020-10-07T00:00:00Z
Turkey,330753,8667,290352,31734,2020-10-08T00:00:00Z
Turkey,332382,8722,291754,31906,2020-10-09T00:00:00Z
Turkey,334031,8778,293145,32108,2020-10-10T00:00:00Z
Turkey,335533,8837,294357,32339,2020-10-11T00:00:00Z
Turkey,337147,8895,295658,32594,2020-10-12T00:00:00Z
Turkey,338779,8957,296972,32850,2020-10-13T00:00:00Z
Turkey,340450,9014,298368,33068,2020-10-14T00:00:00Z
Turkey,342143,9080,299679,33384,2020-10-15T00:00:00Z
Turkey,343955,9153,301098,33704,2020-10-16T00:00:00Z
Turkey,345678,9224,302499,33955,2020-10-17T00:00:00Z
Turkey,347493,9296,304003,34194,2020-10-18T00:00:00Z
Turkey,349519,9371,305427,34721,2020-10-19T00:00:00Z
Turkey,351413,9445,306939,35029,2020-10-20T00:00:00Z
Turkey,353426,9513,308446,35467,2020-10-21T00:00:00Z
Turkey,355528,9584,310027,35917,2020-10-22T00:00:00Z
Turkey,357693,9658,311520,36515,2020-10-23T00:00:00Z
Turkey,359784,9727,313093,36964,2020-10-24T00:00:00Z
Turkey,361801,9799,314390,37612,2020-10-25T00:00:00Z
Turkey,363999,9874,316008,38117,2020-10-26T00:00:00Z
Turkey,366208,9950,317519,38739,2020-10-27T00:00:00Z
Turkey,368513,10027,319181,39305,2020-10-28T00:00:00Z
Turkey,370832,10099,320762,39971,2020-10-29T00:00:00Z
Turkey,373154,10177,322465,40512,2020-10-30T00:00:00Z
Turkey,375367,10252,323971,41144,2020-10-31T00:00:00Z
Turkey,377473,10326,325486,41661,2020-11-01T00:00:00Z
Turkey,379775,10402,327007,42366,2020-11-02T00:00:00Z
Turkey,382118,10481,328824,42813,2020-11-03T00:00:00Z
Turkey,384509,10558,330665,43286,2020-11-04T00:00:00Z
Turkey,386820,10639,332379,43802,2020-11-05T00:00:00Z
Turkey,389256,10722,334293,44241,2020-11-06T00:00:00Z
Turkey,391739,10803,336221,44715,2020-11-07T00:00:00Z
Turkey,394255,10887,338239,45129,2020-11-08T00:00:00Z
Turkey,396831,10972,340286,45573,2020-11-09T00:00:00Z
Turkey,399360,11059,342501,45800,2020-11-10T00:00:00Z
Turkey,402053,11145,344613,46295,2020-11-11T00:00:00Z
Turkey,404894,11233,346794,46867,2020-11-12T00:00:00Z
Turkey,407939,11326,348804,47809,2020-11-13T00:00:00Z
Turkey,411055,11418,351102,48535,2020-11-14T00:00:00Z
Turkey,414278,11507,353663,49108,2020-11-15T00:00:00Z
Turkey,417594,11601,356375,49618,2020-11-16T00:00:00Z
Turkey,421413,11704,359063,50646,2020-11-17T00:00:00Z
Turkey,425628,11820,361655,52153,2020-11-18T00:00:00Z
Turkey,430170,11943,364573,53654,2020-11-19T00:00:00Z
Turkey,435273,12084,367592,55597,2020-11-20T00:00:00Z
Turkey,440805,12219,370825,57761,2020-11-21T00:00:00Z
Turkey,446822,12358,374637,59827,2020-11-22T00:00:00Z
Turkey,453535,12511,377891,63133,2020-11-23T00:00:00Z
Turkey,460916,12672,381569,66675,2020-11-24T00:00:00Z
Turkey,467730,12840,385480,69410,2020-11-25T00:00:00Z
Turkey,503738,13014,388771,101953,2020-11-26T00:00:00Z
Turkey,548244,13191,392616,142437,2020-11-27T00:00:00Z
Turkey,578347,13373,396227,168747,2020-11-28T00:00:00Z
Turkey,607628,13558,400242,193828,2020-11-29T00:00:00Z
Turkey,638847,13746,404727,220374,2020-11-30T00:00:00Z
Turkey,668957,13936,409320,245701,2020-12-01T00:00:00Z
Turkey,700880,14129,414141,272610,2020-12-02T00:00:00Z
Turkey,733261,14316,418331,300614,2020-12-03T00:00:00Z
Turkey,765997,14509,423142,328346,2020-12-04T00:00:00Z
Turkey,797893,14705,427242,355946,2020-12-05T00:00:00Z
Turkey,828295,14900,431253,382142,2020-12-06T00:00:00Z
Turkey,860432,15103,436270,409059,2020-12-07T00:00:00Z
Turkey,893630,15314,441515,436801,2020-12-08T00:00:00Z
Turkey,925342,15531,447361,462450,2020-12-09T00:00:00Z
Turkey,1748567,15751,452593,1280223,2020-12-10T00:00:00Z
Turkey,1780673,15977,458109,1306587,2020-12-11T00:00:00Z
Turkey,1809809,16199,1581565,212045,2020-12-12T00:00:00Z
Turkey,1836728,16417,1603780,216531,2020-12-13T00:00:00Z
Turkey,1866345,16646,1631944,217755,2020-12-14T00:00:00Z
Turkey,1898447,16881,1661191,220375,2020-12-15T00:00:00Z
Turkey,1928165,17121,1691113,219931,2020-12-16T00:00:00Z
Turkey,1955680,17364,1721607,216709,2020-12-17T00:00:00Z
Turkey,1982090,17610,1753552,210928,2020-12-18T00:00:00Z
Turkey,2004285,17851,1779068,207366,2020-12-19T00:00:00Z
Turkey,2024601,18097,1800286,206218,2020-12-20T00:00:00Z
Turkey,2043704,18351,1834705,190648,2020-12-21T00:00:00Z
Turkey,2062960,18602,1866815,177543,2020-12-22T00:00:00Z
Turkey,2082610,18861,1901307,162442,2020-12-23T00:00:00Z
Turkey,2100712,19115,1935292,146305,2020-12-24T00:00:00Z
Turkey,2118255,19371,1970803,128081,2020-12-25T00:00:00Z
Turkey,2133373,19624,1994034,119715,2020-12-26T00:00:00Z
Turkey,2147578,19878,2015230,112470,2020-12-27T00:00:00Z
Turkey,2162775,20135,2037433,105207,2020-12-28T00:00:00Z
Turkey,2178580,20388,2058437,99755,2020-12-29T00:00:00Z
Turkey,2194272,20642,2078629,95001,2020-12-30T00:00:00Z
Turkey,2208652,20881,2100650,87121,2020-12-31T00:00:00Z
Turkey,2220855,21093,2114760,85002,2021-01-01T00:00:00Z
Turkey,2232035,21295,2126432,84308,2021-01-02T00:00:00Z
Turkey,2241912,21488,2136534,83890,2021-01-03T00:00:00Z
Turkey,2255607,21685,2146430,87492,2021-01-04T00:00:00Z
Turkey,2270101,21879,2155338,92884,2021-01-05T00:00:00Z
Turkey,2283931,22070,2164040,97821,2021-01-06T00:00:00Z
Turkey,2296102,22264,2172251,101587,2021-01-07T00:00:00Z
Turkey,2307581,22450,2182145,102986,2021-01-08T00:00:00Z
Turkey,2317118,22631,2190047,104440,2021-01-09T00:00:00Z
Turkey,2326256,22807,2198150,105299,2021-01-10T00:00:00Z
Turkey,2336476,22981,2208451,105044,2021-01-11T00:00:00Z
Turkey,2346285,23152,2218464,104669,2021-01-12T00:00:00Z
Turkey,2355839,23325,2227927,104587,2021-01-13T00:00:00Z
Turkey,2364801,23495,2236938,104368,2021-01-14T00:00:00Z
Turkey,2373115,23664,2246047,103404,2021-01-15T00:00:00Z
Turkey,2380665,23832,2254052,102781,2021-01-16T00:00:00Z
Turkey,2387101,23997,2262864,100240,2021-01-17T00:00:00Z
Turkey,2392963,24161,2270769,98033,2021-01-18T00:00:00Z
Turkey,2399781,24328,2277987,97466,2021-01-19T00:00:00Z
Turkey,2406216,24487,2283919,97810,2021-01-20T00:00:00Z
Turkey,2412505,24640,2290032,97833,2021-01-21T00:00:00Z
Turkey,2418472,24789,2296050,97633,2021-01-22T00:00:00Z
Turkey,2424328,24933,2301861,97534,2021-01-23T00:00:00Z
Turkey,2429605,25073,2307721,96811,2021-01-24T00:00:00Z
Turkey,2435247,25210,2314403,95634,2021-01-25T00:00:00Z
Turkey,2442350,25344,2322511,94495,2021-01-26T00:00:00Z
Turkey,2449839,25476,2331314,93049,2021-01-27T00:00:00Z
Turkey,2457118,25605,2340216,91297,2021-01-28T00:00:00Z
Turkey,2464030,25736,2348309,89985,2021-01-29T00:00:00Z
Turkey,2470901,25865,2355409,89627,2021-01-30T00:00:00Z
Turkey,2477463,25993,2362415,89055,2021-01-31T00:00:00Z
Turkey,2485182,26117,2370431,88634,2021-02-01T00:00:00Z
Turkey,2492977,26237,2379070,87670,2021-02-02T00:00:00Z
Turkey,2501079,26354,2387384,87341,2021-02-03T00:00:00Z
Turkey,2508988,26467,2396199,86322,2021-02-04T00:00:00Z
Turkey,2516889,26577,2404416,85896,2021-02-05T00:00:00Z
Turkey,2524786,26685,2412505,85596,2021-02-06T00:00:00Z
Turkey,2531456,26797,2420706,83953,2021-02-07T00:00:00Z
Turkey,2539559,26900,2429273,83386,2021-02-08T00:00:00Z
Turkey,2548195,26998,2437382,83815,2021-02-09T00:00:00Z
Turkey,2556837,27093,2445285,84459,2021-02-10T00:00:00Z
Turkey,2564427,27187,2453096,84144,2021-02-11T00:00:00Z
Turkey,2572190,27284,2461204,83702,2021-02-12T00:00:00Z
Turkey,2579896,27377,2468419,84100,2021-02-13T00:00:00Z
Turkey,2586183,27471,2475329,83383,2021-02-14T00:00:00Z
Turkey,2594128,27562,2482435,84131,2021-02-15T00:00:00Z
Turkey,2602034,27652,2489624,84758,2021-02-16T00:00:00Z
Turkey,2609359,27738,2496833,84788,2021-02-17T00:00:00Z
Turkey,2616600,27821,2504050,84729,2021-02-18T00:00:00Z
Turkey,2624019,27903,2511548,84568,2021-02-19T00:00:00Z
Turkey,2631876,27983,2518758,85135,2021-02-20T00:00:00Z
Turkey,2638422,28060,2523760,86602,2021-02-21T00:00:00Z
Turkey,2646526,28138,2529450,88938,2021-02-22T00:00:00Z
Turkey,2655633,28213,2534996,92424,2021-02-23T00:00:00Z
Turkey,2665194,28285,2540293,96616,2021-02-24T00:00:00Z
Turkey,2674766,28358,2546503,99905,2021-02-25T00:00:00Z
Turkey,2683971,28432,2556785,98754,2021-02-26T00:00:00Z
Turkey,2693164,28503,2565723,98938,2021-02-27T00:00:00Z
Turkey,2701588,28569,2572234,100785,2021-02-28T00:00:00Z
Turkey,2711479,28638,2578181,104660,2021-03-01T00:00:00Z
Turkey,2723316,28706,2586073,108537,2021-03-02T00:00:00Z
Turkey,2734836,28771,2593264,112801,2021-03-03T00:00:00Z
Turkey,2746158,28839,2601137,116182,2021-03-04T00:00:00Z
Turkey,2757460,28901,2608848,119711,2021-03-05T00:00:00Z
Turkey,2769230,28965,2616139,124126,2021-03-06T00:00:00Z
Turkey,2780417,29030,2623924,127463,2021-03-07T00:00:00Z
Turkey,2793632,29094,2632030,132508,2021-03-08T00:00:00Z
Turkey,2807387,29160,2640669,137558,2021-03-09T00:00:00Z
Turkey,2821943,29227,2649862,142854,2021-03-10T00:00:00Z
Turkey,2835989,29290,2659093,147606,2021-03-11T00:00:00Z
Turkey,2850930,29356,2670273,151301,2021-03-12T00:00:00Z
Turkey,2866012,29421,2685560,151031,2021-03-13T00:00:00Z
Turkey,2879390,29489,2701076,148825,2021-03-14T00:00:00Z
Turkey,2894893,29552,2716969,148372,2021-03-15T00:00:00Z
Turkey,2911642,29623,2734862,147157,2021-03-16T00:00:00Z
Turkey,2930554,29696,2752023,148835,2021-03-17T00:00:00Z
Turkey,2950603,29777,2770638,150188,2021-03-18T00:00:00Z
Turkey,2971633,29864,2788757,153012,2021-03-19T00:00:00Z
Turkey,2992694,29959,2807572,155163,2021-03-20T00:00:00Z
Turkey,3013122,30061,2825187,157874,2021-03-21T00:00:00Z
Turkey,3035338,30178,2844681,160479,2021-03-22T00:00:00Z
Turkey,3061520,30316,2863882,167322,2021-03-23T00:00:00Z
Turkey,3091282,30462,2881643,179177,2021-03-24T00:00:00Z
Turkey,3120013,30619,2900829,188565,2021-03-25T00:00:00Z
Turkey,3149094,30772,2921037,197285,2021-03-26T00:00:00Z
Turkey,3179115,30923,2939929,208263,2021-03-27T00:00:00Z
Turkey,3208173,31076,2957093,220004,2021-03-28T00:00:00Z
Turkey,3240577,31230,2975108,234239,2021-03-29T00:00:00Z
Turkey,3277880,31385,2995033,251462,2021-03-30T00:00:00Z
Turkey,3317182,31537,3014226,271419,2021-03-31T00:00:00Z
Turkey,3357988,31713,3035043,291232,2021-04-01T00:00:00Z
Turkey,3400296,31892,3059462,308942,2021-04-02T00:00:00Z
Turkey,3445052,32078,3082676,330298,2021-04-03T00:00:00Z
Turkey,3487050,32263,3105350,349437,2021-04-04T00:00:00Z
Turkey,3529601,32456,3130977,366168,2021-04-05T00:00:00Z
Turkey,3579185,32667,3159475,387043,2021-04-06T00:00:00Z
Turkey,3633925,32943,3194978,406004,2021-04-07T00:00:00Z
Turkey,3689866,33201,3232892,423773,2021-04-08T00:00:00Z
Turkey,3745657,33454,3268678,443525,2021-04-09T00:00:00Z
Turkey,3798333,33702,3301217,463414,2021-04-10T00:00:00Z
Turkey,3849011,33939,3331411,483661,2021-04-11T00:00:00Z
Turkey,3903573,34182,3372629,496762,2021-04-12T00:00:00Z
Turkey,3962760,34455,3424733,503572,2021-04-13T00:00:00Z
Turkey,4025557,34734,3480146,510677,2021-04-14T00:00:00Z
Turkey,4086957,35031,3535040,516886,2021-04-15T00:00:00Z
Turkey,4150039,35320,3591550,523169,2021-04-16T00:00:00Z
Turkey,4212645,35608,3643734,533303,2021-04-17T00:00:00Z
Turkey,4268447,35926,3687590,544931,2021-04-18T00:00:00Z
Turkey,4323596,36267,3736537,550792,2021-04-19T00:00:00Z
Turkey,4384624,36613,3792129,555882,2021-04-20T00:00:00Z
Turkey,4446591,36975,3844342,565274,2021-04-21T00:00:00Z
Turkey,4501382,37329,3909935,554118,2021-04-22T00:00:00Z
Turkey,4550820,37672,3970111,543037,2021-04-23T00:00:00Z
Turkey,4591416,38011,4022408,530997,2021-04-24T00:00:00Z
Turkey,4629969,38358,4073644,517967,2021-04-25T00:00:00Z
Turkey,4667281,38711,4121671,506899,2021-04-26T00:00:00Z
Turkey,4710582,39057,4167263,504262,2021-04-27T00:00:00Z
Turkey,4751026,39398,4212461,499167,2021-04-28T00:00:00Z
Turkey,4788700,39737,4255714,493249,2021-04-29T00:00:00Z
Turkey,4820591,40131,4323897,456563,2021-04-30T00:00:00Z
Turkey,4849408,40504,4405199,403705,2021-05-01T00:00:00Z
Turkey,4875388,40844,4480381,354163,2021-05-02T00:00:00Z
Turkey,4900121,41191,4515819,343111,2021-05-03T00:00:00Z
Turkey,4929118,41527,4554037,333554,2021-05-04T00:00:00Z
Turkey,4955594,41883,4589501,324210,2021-05-05T00:00:00Z
Turkey,4977982,42187,4626799,308996,2021-05-06T00:00:00Z
Turkey,4998089,42465,4662328,293296,2021-05-07T00:00:00Z
Turkey,5016141,42746,4691224,282171,2021-05-08T00:00:00Z
Turkey,5031332,43029,4716918,271385,2021-05-09T00:00:00Z
Turkey,5044936,43311,4743871,257754,2021-05-10T00:00:00Z
Turkey,5059433,43589,4766124,249720,2021-05-11T00:00:00Z
Turkey,5072462,43821,4801291,227350,2021-05-12T00:00:00Z
Turkey,5083996,44059,4856763,183174,2021-05-13T00:00:00Z
Turkey,5095390,44301,4894024,157065,2021-05-14T00:00:00Z
Turkey,5106862,44537,4932838,129487,2021-05-15T00:00:00Z
Turkey,5117374,44760,4947256,125358,2021-05-16T00:00:00Z
Turkey,5127548,44983,4961120,121445,2021-05-17T00:00:00Z
Turkey,5139485,45186,4971245,123054,2021-05-18T00:00:00Z
Turkey,5151038,45419,4980516,125103,2021-05-19T00:00:00Z
Turkey,5160423,45626,4989787,125010,2021-05-20T00:00:00Z
Turkey,5169951,45840,4998639,125472,2021-05-21T00:00:00Z
Turkey,5178648,46071,5013111,119466,2021-05-22T00:00:00Z
Turkey,5186487,46268,5024313,115906,2021-05-23T00:00:00Z
Turkey,5194010,46446,5034316,113248,2021-05-24T00:00:00Z
Turkey,5203385,46621,5045508,111256,2021-05-25T00:00:00Z
Turkey,5212123,46787,5057713,107623,2021-05-26T00:00:00Z
Turkey,5220549,46970,5070815,102764,2021-05-27T00:00:00Z
Turkey,5228322,47134,5083099,98089,2021-05-28T00:00:00Z
Turkey,5235978,47271,5094279,94428,2021-05-29T00:00:00Z
Turkey,5242911,47405,5105042,90464,2021-05-30T00:00:00Z
Turkey,5249404,47527,5114624,87253,2021-05-31T00:00:00Z
Turkey,5256516,47656,5124081,84779,2021-06-01T00:00:00Z
Turkey,5263697,47768,5131453,84476,2021-06-02T00:00:00Z
Turkey,5270299,47882,5139993,82424,2021-06-03T00:00:00Z
Turkey,5276468,47976,5147610,80882,2021-06-04T00:00:00Z
Turkey,5282594,48068,5154771,79755,2021-06-05T00:00:00Z
Turkey,5287980,48164,5160774,79042,2021-06-06T00:00:00Z
Turkey,5293627,48255,5167350,78022,2021-06-07T00:00:00Z
Turkey,5300236,48341,5173186,78709,2021-06-08T00:00:00Z
Turkey,5306690,48428,5179833,78429,2021-06-09T00:00:00Z
Turkey,5313098,48524,5186728,77846,2021-06-10T00:00:00Z
Turkey,5319359,48593,5192945,77821,2021-06-11T00:00:00Z
Turkey,5325435,48668,5198057,78710,2021-06-12T00:00:00Z
Turkey,5330447,48721,5202251,79475,2021-06-13T00:00:00Z
Turkey,5336073,48795,5206836,80442,2021-06-14T00:00:00Z
Turkey,5342028,48879,5211022,82127,2021-06-15T00:00:00Z
Turkey,5348249,48950,5215654,83645,2021-06-16T00:00:00Z
Turkey,5354153,49012,5219797,85344,2021-06-17T00:00:00Z
Turkey,5359728,49071,5224224,86433,2021-06-18T00:00:00Z
Turkey,5365208,49122,5228419,87667,2021-06-19T00:00:00Z
Turkey,5370299,49185,5232638,88476,2021-06-20T00:00:00Z
Turkey,5375593,49236,5237731,88626,2021-06-21T00:00:00Z
Turkey,5381736,49293,5242945,89498,2021-06-22T00:00:00Z
Turkey,5387545,49358,5248862,89325,2021-06-23T00:00:00Z
Turkey,5393248,49417,5254708,89123,2021-06-24T00:00:00Z
Turkey,5398878,49473,5261892,87513,2021-06-25T00:00:00Z
Turkey,5404144,49524,5269294,85326,2021-06-26T00:00:00Z
Turkey,5409027,49576,5275231,84220,2021-06-27T00:00:00Z
Turkey,5414310,49634,5280558,84118,2021-06-28T00:00:00Z
Turkey,5420156,49687,5287094,83375,2021-06-29T00:00:00Z
Turkey,5425652,49732,5294285,81635,2021-06-30T00:00:00Z
Turkey,5430940,49774,5300504,80662,2021-07-01T00:00:00Z
Turkey,5435831,49829,5305856,80146,2021-07-02T00:00:00Z
Turkey,5440368,49874,5310769,79725,2021-07-03T00:00:00Z
Turkey,5444786,49924,5314930,79725,2021-07-04T00:00:00Z
Turkey,5449464,49959,5319665,79725,2021-07-05T00:00:00Z
Turkey,5454763,49996,5324111,80656,2021-07-06T00:00:00Z
Turkey,5459923,50048,5328747,81128,2021-07-07T00:00:00Z
Turkey,5465094,50096,5333759,81239,2021-07-08T00:00:00Z
Turkey,5470764,50155,5338885,81239,2021-07-09T00:00:00Z
Turkey,5476294,50192,5344102,81239,2021-07-10T00:00:00Z
Turkey,5481555,50229,5349344,81239,2021-07-11T00:00:00Z
Turkey,5486959,50278,5354850,81239,2021-07-12T00:00:00Z
Turkey,5493244,50324,5360012,82908,2021-07-13T00:00:00Z
Turkey,5500151,50367,5365075,84709,2021-07-14T00:00:00Z
Turkey,5507455,50415,5370178,86862,2021-07-15T00:00:00Z
Turkey,5514373,50450,5375262,88661,2021-07-16T00:00:00Z
Turkey,5522039,50488,5380752,90799,2021-07-17T00:00:00Z
Turkey,5529719,50488,5380752,90799,2021-07-18T00:00:00Z
Turkey,5537386,50604,5390739,96043,2021-07-19T00:00:00Z
Turkey,5546166,50650,5395300,100216,2021-07-20T00:00:00Z
Turkey,5554317,50709,5400246,103362,2021-07-21T00:00:00Z
Turkey,5563903,50761,5405339,107803,2021-07-22T00:00:00Z
Turkey,5574997,50821,5410554,113622,2021-07-23T00:00:00Z
Turkey,5587378,50879,5415937,120562,2021-07-24T00:00:00Z
Turkey,5601608,50934,5421148,129526,2021-07-25T00:00:00Z
Turkey,5618417,50997,5426733,140687,2021-07-26T00:00:00Z
Turkey,5638178,51048,5433841,153289,2021-07-27T00:00:00Z
Turkey,5660469,51124,5438038,171307,2021-07-28T00:00:00Z
Turkey,5682630,51184,5443501,187945,2021-07-29T00:00:00Z
Turkey,5704713,51253,5449253,204207,2021-07-30T00:00:00Z
Turkey,5727045,51332,5454360,221353,2021-07-31T00:00:00Z
Turkey,5747935,51428,5459899,236608,2021-08-01T00:00:00Z
Turkey,5770833,51519,5465846,253468,2021-08-02T00:00:00Z
Turkey,5795665,51645,5472089,271931,2021-08-03T00:00:00Z
Turkey,5822487,51767,5478185,292535,2021-08-04T00:00:00Z
Turkey,5846784,51875,0,5794909,2021-08-05T00:00:00Z
Turkey,5870741,51976,0,5818765,2021-08-06T00:00:00Z
Turkey,5895841,52088,0,5843753,2021-08-07T00:00:00Z
Turkey,5918540,52088,0,5843753,2021-08-08T00:00:00Z
Turkey,5942271,52313,0,5889928,2021-08-09T00:00:00Z
Turkey,5968868,52437,0,5916401,2021-08-10T00:00:00Z
Turkey,5996224,52565,0,5943629,2021-08-11T00:00:00Z
Turkey,6018485,52703,0,5965752,2021-08-12T00:00:00Z
Turkey,6039857,52860,0,5986967,2021-08-13T00:00:00Z
Turkey,6059806,53005,0,6006771,2021-08-14T00:00:00Z
Turkey,6078653,53159,0,6025464,2021-08-15T00:00:00Z
Turkey,6096816,53324,0,6043462,2021-08-16T00:00:00Z
Turkey,6118508,53507,0,6064971,2021-08-17T00:00:00Z
Turkey,6138452,53675,0,6084747,2021-08-18T00:00:00Z
Turkey,6157772,53891,0,6103851,2021-08-19T00:00:00Z
Turkey,6177690,54095,0,6123565,2021-08-20T00:00:00Z
Turkey,6197041,54327,0,6142684,2021-08-21T00:00:00Z
Turkey,6215663,54533,0,6161100,2021-08-22T00:00:00Z
Turkey,6234520,54765,0,6179725,2021-08-23T00:00:00Z
Turkey,6253711,54995,0,6198686,2021-08-24T00:00:00Z
Turkey,6273681,55212,0,6218439,2021-08-25T00:00:00Z
Turkey,6293297,55469,0,6237798,2021-08-26T00:00:00Z
Turkey,6311637,55713,0,6255894,2021-08-27T00:00:00Z
Turkey,6329549,55958,0,6273561,2021-08-28T00:00:00Z
Turkey,6346881,56213,0,6273561,2021-08-29T00:00:00Z
Turkey,6366438,56458,0,6309950,2021-08-30T00:00:00Z
Turkey,6388331,56710,0,6331591,2021-08-31T00:00:00Z
Turkey,6412277,57000,0,6355247,2021-09-01T00:00:00Z
Turkey,6435773,57283,0,6355247,2021-09-02T00:00:00Z
Turkey,6458630,57559,0,6355247,2021-09-03T00:00:00Z
Turkey,6478663,57837,0,6355247,2021-09-04T00:00:00Z
Turkey,6498054,58106,0,6355247,2021-09-05T00:00:00Z
Turkey,6519016,58377,0,6355247,2021-09-06T00:00:00Z
Turkey,6542654,58651,0,6483973,2021-09-07T00:00:00Z
Turkey,6566568,58913,0,6507625,2021-09-08T00:00:00Z
Turkey,6590414,59170,0,6531214,2021-09-09T00:00:00Z
Turkey,6613976,59384,0,6554562,2021-09-10T00:00:00Z
Turkey,6636899,59643,0,6554562,2021-09-11T00:00:00Z
Turkey,6658251,59886,0,6598335,2021-09-12T00:00:00Z
Turkey,6682864,60117,0,6622717,2021-09-13T00:00:00Z
Turkey,6710666,60393,0,6650243,2021-09-14T00:00:00Z
Turkey,6738890,60641,0,6678219,2021-09-15T00:00:00Z
Turkey,6767008,60903,0,6706075,2021-09-16T00:00:00Z
Turkey,6794700,61140,0,6733530,2021-09-17T00:00:00Z
Turkey,6820861,61361,0,6759470,2021-09-18T00:00:00Z
Turkey,6847259,61574,0,6785655,2021-09-19T00:00:00Z
Turkey,6874947,61805,0,6813112,2021-09-20T00:00:00Z
Turkey,6904285,62065,0,6842190,2021-09-21T00:00:00Z
Turkey,6932453,62307,0,6870116,2021-09-22T00:00:00Z
Turkey,6960297,62524,0,6897743,2021-09-23T00:00:00Z
Turkey,6987494,62745,0,6924719,2021-09-24T00:00:00Z
Turkey,7013639,62938,0,6950671,2021-09-25T00:00:00Z
Turkey,7039500,63166,0,6976304,2021-09-26T00:00:00Z
Turkey,7066688,63372,0,7003286,2021-09-27T00:00:00Z
Turkey,7095580,63611,0,7031939,2021-09-28T00:00:00Z
Turkey,7124966,63838,0,7031939,2021-09-29T00:00:00Z
Turkey,7154070,64054,0,7060827,2021-09-30T00:00:00Z
Turkey,7182943,64264,0,7089490,2021-10-01T00:00:00Z
Turkey,7210916,64467,0,7117260,2021-10-02T00:00:00Z
Turkey,7238267,64661,0,7144417,2021-10-03T00:00:00Z
Turkey,7267077,64909,0,7202138,2021-10-04T00:00:00Z
Turkey,7296879,65137,0,7231712,2021-10-05T00:00:00Z
Turkey,7327317,65373,0,7261944,2021-10-06T00:00:00Z
Turkey,7357336,65590,0,7291716,2021-10-07T00:00:00Z
Turkey,7387537,65778,0,7321729,2021-10-08T00:00:00Z
Turkey,7416182,65984,0,7350168,2021-10-09T00:00:00Z
Turkey,7444552,66180,0,7378342,2021-10-10T00:00:00Z
Turkey,7475115,66368,0,7408717,2021-10-11T00:00:00Z
Turkey,7508975,66605,0,7442340,2021-10-12T00:00:00Z
Turkey,7540223,66841,0,7473352,2021-10-13T00:00:00Z
Turkey,7570932,67044,0,7503858,2021-10-14T00:00:00Z
Turkey,7601626,67225,0,7534371,2021-10-15T00:00:00Z
Turkey,7630163,67437,0,7562696,2021-10-16T00:00:00Z
Turkey,7654277,67623,0,7562696,2021-10-17T00:00:00Z
Turkey,7683517,67837,0,7615650,2021-10-18T00:00:00Z
Turkey,7714379,68060,0,7646289,2021-10-19T00:00:00Z
Turkey,7744139,68274,0,7675835,2021-10-20T00:00:00Z
Turkey,7772604,68472,0,7704102,2021-10-21T00:00:00Z
Turkey,7800796,68700,0,7732066,2021-10-22T00:00:00Z
Turkey,7827013,68917,0,7758066,2021-10-23T00:00:00Z
Turkey,7851805,69112,0,7782663,2021-10-24T00:00:00Z
Turkey,7879468,69344,0,7810094,2021-10-25T00:00:00Z
Turkey,7909111,69559,0,7839522,2021-10-26T00:00:00Z
Turkey,7936007,69769,0,7866208,2021-10-27T00:00:00Z
Turkey,7961535,69998,0,7891507,2021-10-28T00:00:00Z
Turkey,7985944,70207,0,7915707,2021-10-29T00:00:00Z
Turkey,8009040,70410,0,7938600,2021-10-30T00:00:00Z
Turkey,8032988,70611,0,7962347,2021-10-31T00:00:00Z
Turkey,8061666,70828,0,7990808,2021-11-01T00:00:00Z
Turkey,8091462,71052,0,8020380,2021-11-02T00:00:00Z
Turkey,8121226,71298,0,8049898,2021-11-03T00:00:00Z
Turkey,8150708,71526,0,8079152,2021-11-04T00:00:00Z
Turkey,8178901,71724,0,8107147,2021-11-05T00:00:00Z
Turkey,8206375,71927,0,8134418,2021-11-06T00:00:00Z
Turkey,8231679,72127,0,8161522,2021-11-07T00:00:00Z
Turkey,8259503,72314,0,8189159,2021-11-08T00:00:00Z
Turkey,8288165,72510,0,8217625,2021-11-09T00:00:00Z
Turkey,8315424,72713,0,8244681,2021-11-10T00:00:00Z
Turkey,8340322,72910,0,8269382,2021-11-11T00:00:00Z
Turkey,8363959,73127,0,8292802,2021-11-12T00:00:00Z
Turkey,8386542,73342,0,8315170,2021-11-13T00:00:00Z
Turkey,8408166,73531,0,8336605,2021-11-14T00:00:00Z
Turkey,8432018,73746,0,8360242,2021-11-15T00:00:00Z
Turkey,8457119,73973,0,8385116,2021-11-16T00:00:00Z
Turkey,8480986,74202,0,8408754,2021-11-17T00:00:00Z
Turkey,8503220,74428,0,8430762,2021-11-18T00:00:00Z
Turkey,8527030,74646,0,8454354,2021-11-19T00:00:00Z
Turkey,8550377,74847,0,8477500,2021-11-20T00:00:00Z
Turkey,8571554,75042,0,8498482,2021-11-21T00:00:00Z
Turkey,8596410,75235,0,8523145,2021-11-22T00:00:00Z
Turkey,8624580,75443,0,8551107,2021-11-23T00:00:00Z
Turkey,8652172,75618,0,8578524,2021-11-24T00:00:00Z
Turkey,8676639,75840,0,8602769,2021-11-25T00:00:00Z
Turkey,8700641,76041,0,8626570,2021-11-26T00:00:00Z
Turkey,8724400,76233,0,8650137,2021-11-27T00:00:00Z
Turkey,8746055,76446,0,8671579,2021-11-28T00:00:00Z
Turkey,8770372,76635,0,8695707,2021-11-29T00:00:00Z
Turkey,8795588,76842,0,8720716,2021-11-30T00:00:00Z
Turkey,8818144,77038,0,8743076,2021-12-01T00:00:00Z
Turkey,8839891,77230,0,8764631,2021-12-02T00:00:00Z
Turkey,8861386,77417,0,8785939,2021-12-03T00:00:00Z
Turkey,8881760,77645,0,8806085,2021-12-04T00:00:00Z
Turkey,8901117,77830,0,8825257,2021-12-05T00:00:00Z
Turkey,8921150,78017,0,8845103,2021-12-06T00:00:00Z
Turkey,8943837,78215,0,8867592,2021-12-07T00:00:00Z
Turkey,8964711,78407,0,8888274,2021-12-08T00:00:00Z
Turkey,8984407,78602,0,8907775,2021-12-09T00:00:00Z
Turkey,9002968,78778,0,8926160,2021-12-10T00:00:00Z
Turkey,9022223,78969,0,8945224,2021-12-11T00:00:00Z
Turkey,9040179,79151,0,8962998,2021-12-12T00:00:00Z
Turkey,9058975,79322,0,8981623,2021-12-13T00:00:00Z
Turkey,9080452,79503,0,9002919,2021-12-14T00:00:00Z
Turkey,9100324,79696,0,9022598,2021-12-15T00:00:00Z
Turkey,9118424,79863,0,9022598,2021-12-16T00:00:00Z
Turkey,9136565,80053,0,9058482,2021-12-17T00:00:00Z
Turkey,9154209,80244,0,9058482,2021-12-18T00:00:00Z
Turkey,9171119,80415,0,9092674,2021-12-19T00:00:00Z
Turkey,9189881,80591,0,9111260,2021-12-20T00:00:00Z
Turkey,9209740,80778,0,9130932,2021-12-21T00:00:00Z
Turkey,9228835,80957,0,9149848,2021-12-22T00:00:00Z
Turkey,9247606,81125,0,9168451,2021-12-23T00:00:00Z
Turkey,9266516,81258,0,9187228,2021-12-24T00:00:00Z
Turkey,9286986,81258,0,9187228,2021-12-25T00:00:00Z
Turkey,9307124,81576,0,9227518,2021-12-26T00:00:00Z
Turkey,9333223,81733,0,9253460,2021-12-27T00:00:00Z
Turkey,9365399,81917,0,9285452,2021-12-28T00:00:00Z
Turkey,9402083,81917,0,9285452,2021-12-29T00:00:00Z
Turkey,9441764,82198,0,9361536,2021-12-30T00:00:00Z
Turkey,9482550,82361,0,9402159,2021-12-31T00:00:00Z
Turkey,9519281,82506,0,9438745,2022-01-01T00:00:00Z
Turkey,9552801,82635,0,9472136,2022-01-02T00:00:00Z
Turkey,9597670,82795,0,9516845,2022-01-03T00:00:00Z
Turkey,9652394,82932,0,9571432,2022-01-04T00:00:00Z
Turkey,9718861,83075,0,9637756,2022-01-05T00:00:00Z
Turkey,9787274,83231,0,9706013,2022-01-06T00:00:00Z
Turkey,9850488,83388,0,9769070,2022-01-07T00:00:00Z
Turkey,9916725,83529,0,9835166,2022-01-08T00:00:00Z
Turkey,9978452,83702,0,9896720,2022-01-09T00:00:00Z
Turkey,10043688,83843,0,9961815,2022-01-10T00:00:00Z
Turkey,10117954,83980,0,10035904,2022-01-11T00:00:00Z
Turkey,10195676,84125,0,10113481,2022-01-12T00:00:00Z
Turkey,10271240,84278,0,10188892,2022-01-13T00:00:00Z
Turkey,10339097,84278,0,10188892,2022-01-14T00:00:00Z
Turkey,10403064,84622,0,10320372,2022-01-15T00:00:00Z
Turkey,10457164,84758,0,10374336,2022-01-16T00:00:00Z
Turkey,10522099,84920,0,10439109,2022-01-17T00:00:00Z
Turkey,10591757,85077,0,10508610,2022-01-18T00:00:00Z
Turkey,10664372,85253,0,10581049,2022-01-19T00:00:00Z
Turkey,10736215,85419,0,10650796,2022-01-20T00:00:00Z
Turkey,10808770,85600,0,10723170,2022-01-21T00:00:00Z
Turkey,10881626,85784,0,10795842,2022-01-22T00:00:00Z
Turkey,10947129,85969,0,10861160,2022-01-23T00:00:00Z
Turkey,11014152,86125,0,10928027,2022-01-24T00:00:00Z
Turkey,11090493,86299,0,11004194,2022-01-25T00:00:00Z
Turkey,11167927,86487,0,11081440,2022-01-26T00:00:00Z
Turkey,11250107,86661,0,11163446,2022-01-27T00:00:00Z
Turkey,11343693,86871,0,11256822,2022-01-28T00:00:00Z
Turkey,11438476,87045,0,11351431,2022-01-29T00:00:00Z
Turkey,11526621,87234,0,11439387,2022-01-30T00:00:00Z
Turkey,11619882,87416,0,11532466,2022-01-31T00:00:00Z
Turkey,11722483,87614,0,11634869,2022-02-01T00:00:00Z
Turkey,11833165,87831,0,11745334,2022-02-02T00:00:00Z
Turkey,11940695,88064,0,11852631,2022-02-03T00:00:00Z
Turkey,12051852,88312,0,11963540,2022-02-04T00:00:00Z
Turkey,12150567,88533,0,12062034,2022-02-05T00:00:00Z
Turkey,12238501,88734,0,12149767,2022-02-06T00:00:00Z
Turkey,12335015,88970,0,12246045,2022-02-07T00:00:00Z
Turkey,12446111,89211,0,12356900,2022-02-08T00:00:00Z
Turkey,12554674,89477,0,12465197,2022-02-09T00:00:00Z
Turkey,12653276,89741,0,12563535,2022-02-10T00:00:00Z
Turkey,12748341,89994,0,12658347,2022-02-11T00:00:00Z
Turkey,12834534,90266,0,12744268,2022-02-12T00:00:00Z
Turkey,12908321,90542,0,12817779,2022-02-13T00:00:00Z
Turkey,12984953,90808,0,12894145,2022-02-14T00:00:00Z
Turkey,13079683,91117,0,12988566,2022-02-15T00:00:00Z
Turkey,13173859,91388,0,13082471,2022-02-16T00:00:00Z
Turkey,13266265,91646,0,13174619,2022-02-17T00:00:00Z
Turkey,13353676,91910,0,13261766,2022-02-18T00:00:00Z
Turkey,13434130,92188,0,13341942,2022-02-19T00:00:00Z
Turkey,13504485,92451,0,13412034,2022-02-20T00:00:00Z
Turkey,13589511,92719,0,13496792,2022-02-21T00:00:00Z
Turkey,13675581,92990,0,13582591,2022-02-22T00:00:00Z
Turkey,13762181,93258,0,13668923,2022-02-23T00:00:00Z
Turkey,13841889,93539,0,13748350,2022-02-24T00:00:00Z
Turkey,13913625,93805,0,13819820,2022-02-25T00:00:00Z
Turkey,13975389,94026,0,13881363,2022-02-26T00:00:00Z
Turkey,14025181,94232,0,13930949,2022-02-27T00:00:00Z
Turkey,14089456,94445,0,13995011,2022-02-28T00:00:00Z
Turkey,14149341,94648,0,14054693,2022-03-01T00:00:00Z
Turkey,14206121,94837,0,14111284,2022-03-02T00:00:00Z
Turkey,14255545,95025,0,14160520,2022-03-03T00:00:00Z
Turkey,14293828,95205,0,14198623,2022-03-04T00:00:00Z
Turkey,14326217,95379,0,14230838,2022-03-05T00:00:00Z
Turkey,14353888,95549,0,14258339,2022-03-06T00:00:00Z
Turkey,14388231,95681,0,14292550,2022-03-07T00:00:00Z
Turkey,14425638,95811,0,14329827,2022-03-08T00:00:00Z
Turkey,14458881,95954,0,14362927,2022-03-09T00:00:00Z
Turkey,14488373,96094,0,14392279,2022-03-10T00:00:00Z
Turkey,14513774,96217,0,14417557,2022-03-11T00:00:00Z
Turkey,14534239,96349,0,14437890,2022-03-12T00:00:00Z
Turkey,14551665,96487,0,14455178,2022-03-13T00:00:00Z
Turkey,14576069,96620,0,14479449,2022-03-14T00:00:00Z
Turkey,14600683,96735,0,14503948,2022-03-15T00:00:00Z
Turkey,14623028,96853,0,14526175,2022-03-16T00:00:00Z
Turkey,14644382,96954,0,14547428,2022-03-17T00:00:00Z
Turkey,14663508,97077,0,14566431,2022-03-18T00:00:00Z
Turkey,14680836,97182,0,14583654,2022-03-19T00:00:00Z
Turkey,14693917,97267,0,14596650,2022-03-20T00:00:00Z
Turkey,14708850,97347,0,14611503,2022-03-21T00:00:00Z
Turkey,14726276,97437,0,14628839,2022-03-22T00:00:00Z
Turkey,14743437,97521,0,14645916,2022-03-23T00:00:00Z
Turkey,14760331,97598,0,14662733,2022-03-24T00:00:00Z
Turkey,14775634,97666,0,14677968,2022-03-25T00:00:00Z
Turkey,14789483,97736,0,14691747,2022-03-26T00:00:00Z
Turkey,14800677,97800,0,14702877,2022-03-27T00:00:00Z
Turkey,14815041,97861,0,14717180,2022-03-28T00:00:00Z
Turkey,14831231,97924,0,14733307,2022-03-29T00:00:00Z
Turkey,14846224,97977,0,14748247,2022-03-30T00:00:00Z
Turkey,14860560,98033,0,14762527,2022-03-31T00:00:00Z
Turkey,14873927,98078,0,14775849,2022-04-01T00:00:00Z
Turkey,14885710,98119,0,14787591,2022-04-02T00:00:00Z
Turkey,14894731,98157,0,14796574,2022-04-03T00:00:00Z
Turkey,14907378,98197,0,14809181,2022-04-04T00:00:00Z
Turkey,14919591,98234,0,14821357,2022-04-05T00:00:00Z
Turkey,14929905,98275,0,14831630,2022-04-06T00:00:00Z
Turkey,14939259,98311,0,14840948,2022-04-07T00:00:00Z
Turkey,14946379,98342,0,14848037,2022-04-08T00:00:00Z
Turkey,14953365,98377,0,14854988,2022-04-09T00:00:00Z
Turkey,14958974,98409,0,14860565,2022-04-10T00:00:00Z
Turkey,14965867,98437,0,14867430,2022-04-11T00:00:00Z
Turkey,14972502,98462,0,14874040,2022-04-12T00:00:00Z
Turkey,14978031,98493,0,14879538,2022-04-13T00:00:00Z
Turkey,14983158,98514,0,14884644,2022-04-14T00:00:00Z
Turkey,14987583,98532,0,14889051,2022-04-15T00:00:00Z
Turkey,14991669,98551,0,14893118,2022-04-16T00:00:00Z
Turkey,14994937,98568,0,14896369,2022-04-17T00:00:00Z
Turkey,14999479,98587,0,14900892,2022-04-18T00:00:00Z
Turkey,15003696,98610,0,14905086,2022-04-19T00:00:00Z
Turkey,15007364,98628,0,14908736,2022-04-20T00:00:00Z
Turkey,15010718,98645,0,14912073,2022-04-21T00:00:00Z
Turkey,15013616,98660,0,14914956,2022-04-22T00:00:00Z
Turkey,15016270,98676,0,14917594,2022-04-23T00:00:00Z
Turkey,15018547,98691,0,14919856,2022-04-24T00:00:00Z
Turkey,15021151,98706,0,14922445,2022-04-25T00:00:00Z
Turkey,15023662,98720,0,14924942,2022-04-26T00:00:00Z
Turkey,15026141,98736,0,14927405,2022-04-27T00:00:00Z
Turkey,15028397,98751,0,14929646,2022-04-28T00:00:00Z
Turkey,15030321,98760,0,14931561,2022-04-29T00:00:00Z
Turkey,15032093,98771,0,14933322,2022-04-30T00:00:00Z
Turkey,15033573,98783,0,14934790,2022-05-01T00:00:00Z
Turkey,15034917,98791,0,14936126,2022-05-02T00:00:00Z
Turkey,15036110,98801,0,14937309,2022-05-03T00:00:00Z
Turkey,15037242,98808,0,14938434,2022-05-04T00:00:00Z
Turkey,15038495,98819,0,14939676,2022-05-05T00:00:00Z
Turkey,15040238,98826,0,14941412,2022-05-06T00:00:00Z
Turkey,15041899,98837,0,14943062,2022-05-07T00:00:00Z
Turkey,15043379,98846,0,14944533,2022-05-08T00:00:00Z
Turkey,15044921,98854,0,14946067,2022-05-09T00:00:00Z
Turkey,15046779,98861,0,14947918,2022-05-10T00:00:00Z
Turkey,15048449,98870,0,14949579,2022-05-11T00:00:00Z
Turkey,15050227,98878,0,14951349,2022-05-12T00:00:00Z
Turkey,15051761,98885,0,14952876,2022-05-13T00:00:00Z
Turkey,15053168,98890,0,14954278,2022-05-14T00:00:00Z
Turkey,15054322,98900,0,14955422,2022-05-15T00:00:00Z
Turkey,15055576,98904,0,14956672,2022-05-16T00:00:00Z
Turkey,15057184,98911,0,14958273,2022-05-17T00:00:00Z
Turkey,15058627,98914,0,14959713,2022-05-18T00:00:00Z
Turkey,15060112,98918,0,14961194,2022-05-19T00:00:00Z
Turkey,15060112,98918,0,14961194,2022-05-20T00:00:00Z
Turkey,15062393,98925,0,14963468,2022-05-21T00:00:00Z
Turkey,15063298,98930,0,14964368,2022-05-22T00:00:00Z
Turkey,15064220,98933,0,14965287,2022-05-23T00:00:00Z
Turkey,15065524,98939,0,14966585,2022-05-24T00:00:00Z
Turkey,15066784,98943,0,14967841,2022-05-25T00:00:00Z
Turkey,15068094,98948,0,14969146,2022-05-26T00:00:00Z
Turkey,15069034,98952,0,14970082,2022-05-27T00:00:00Z
Turkey,15070000,98955,0,14971045,2022-05-28T00:00:00Z
Turkey,15070864,98957,0,14971907,2022-05-29T00:00:00Z
Turkey,15071772,98961,0,14972811,2022-05-30T00:00:00Z
Turkey,15072747,98965,0,14973782,2022-05-31T00:00:00Z
Turkey,15072747,98965,0,14973782,2022-06-01T00:00:00Z
Turkey,15072747,98965,0,14973782,2022-06-02T00:00:00Z
Turkey,15072747,98965,0,14973782,2022-06-03T00:00:00Z
Turkey,15072747,98965,0,14973782,2022-06-04T00:00:00Z
Turkey,15078186,98976,0,14973782,2022-06-05T00:00:00Z
Turkey,15078186,98976,0,14973782,2022-06-06T00:00:00Z
Turkey,15078186,98976,0,14973782,2022-06-07T00:00:00Z
Turkey,15078186,98976,0,14973782,2022-06-08T00:00:00Z
Turkey,15078186,98976,0,14973782,2022-06-09T00:00:00Z
Turkey,15078186,98976,0,14973782,2022-06-10T00:00:00Z
Turkey,15078186,98976,0,14973782,2022-06-11T00:00:00Z
Turkey,15078186,98976,0,14973782,2022-06-12T00:00:00Z
Turkey,15078186,98976,0,14973782,2022-06-13T00:00:00Z
Turkey,15085742,98996,0,14986746,2022-06-14T00:00:00Z
Turkey,15085742,98996,0,14986746,2022-06-15T00:00:00Z
Turkey,15085742,98996,0,14986746,2022-06-16T00:00:00Z
Turkey,15085742,98996,0,14986746,2022-06-17T00:00:00Z
Turkey,15085742,98996,0,14986746,2022-06-18T00:00:00Z
Turkey,15085742,98996,0,14986746,2022-06-19T00:00:00Z
Turkey,15085742,98996,0,14986746,2022-06-20T00:00:00Z
Turkey,15085742,98996,0,14986746,2022-06-21T00:00:00Z
Turkey,15085742,98996,0,14986746,2022-06-22T00:00:00Z
Turkey,15085742,98996,0,14986746,2022-06-23T00:00:00Z
Turkey,15085742,98996,0,14986746,2022-06-24T00:00:00Z
Turkey,15085742,98996,0,14986746,2022-06-25T00:00:00Z
Turkey,15085742,98996,0,14986746,2022-06-26T00:00:00Z
Turkey,15096696,99015,0,14997681,2022-06-27T00:00:00Z
Turkey,15096696,99015,0,14997681,2022-06-28T00:00:00Z
Turkey,15123331,99032,0,15024299,2022-06-29T00:00:00Z
Turkey,15123331,99032,0,15024299,2022-06-30T00:00:00Z
Turkey,15123331,99032,0,15024299,2022-07-01T00:00:00Z
Turkey,15123331,99032,0,15024299,2022-07-02T00:00:00Z
Turkey,15123331,99032,0,15024299,2022-07-03T00:00:00Z
Turkey,15180444,99057,0,15081387,2022-07-04T00:00:00Z
Turkey,15180444,99057,0,15081387,2022-07-05T00:00:00Z
Turkey,15180444,99057,0,15081387,2022-07-06T00:00:00Z
Turkey,15180444,99057,0,15081387,2022-07-07T00:00:00Z
Turkey,15180444,99057,0,15081387,2022-07-08T00:00:00Z
Turkey,15180444,99057,0,15081387,2022-07-09T00:00:00Z
Turkey,15180444,99057,0,15081387,2022-07-10T00:00:00Z
Turkey,15180444,99057,0,15081387,2022-07-11T00:00:00Z
Turkey,15180444,99057,0,15081387,2022-07-12T00:00:00Z
Turkey,15297539,99088,0,15198451,2022-07-13T00:00:00Z
Turkey,15297539,99088,0,15198451,2022-07-14T00:00:00Z
Turkey,15297539,99088,0,15198451,2022-07-15T00:00:00Z
Turkey,15297539,99088,0,15198451,2022-07-16T00:00:00Z
Turkey,15297539,99088,0,15198451,2022-07-17T00:00:00Z
Turkey,15297539,99088,0,15198451,2022-07-18T00:00:00Z
Turkey,15297539,99088,0,15198451,2022-07-19T00:00:00Z
Turkey,15524071,99184,0,15424887,2022-07-20T00:00:00Z
Turkey,15524071,99184,0,15424887,2022-07-21T00:00:00Z
Turkey,15524071,99184,0,15424887,2022-07-22T00:00:00Z
Turkey,15524071,99184,0,15424887,2022-07-23T00:00:00Z
Turkey,15524071,99184,0,15424887,2022-07-24T00:00:00Z
Turkey,15524071,99184,0,15424887,2022-07-25T00:00:00Z
Turkey,15524071,99184,0,15424887,2022-07-26T00:00:00Z
Turkey,15524071,99184,0,15424887,2022-07-27T00:00:00Z
Turkey,15524071,99184,0,15424887,2022-07-28T00:00:00Z
Turkey,15889495,99341,0,15790154,2022-07-29T00:00:00Z
Turkey,15889495,99341,0,15790154,2022-07-30T00:00:00Z
Turkey,15889495,99341,0,15790154,2022-07-31T00:00:00Z
Turkey,15889495,99341,0,15790154,2022-08-01T00:00:00Z
Turkey,15889495,99341,0,15790154,2022-08-02T00:00:00Z
Turkey,15889495,99341,0,15790154,2022-08-03T00:00:00Z
Turkey,15889495,99341,0,15790154,2022-08-04T00:00:00Z
Turkey,15889495,99341,0,15790154,2022-08-05T00:00:00Z
Turkey,16295817,99678,0,16196139,2022-08-06T00:00:00Z
Turkey,16295817,99678,0,16196139,2022-08-07T00:00:00Z
Turkey,16295817,99678,0,16196139,2022-08-08T00:00:00Z
Turkey,16295817,99678,0,16196139,2022-08-09T00:00:00Z
Turkey,16295817,99678,0,16196139,2022-08-10T00:00:00Z
Turkey,16295817,99678,0,16196139,2022-08-11T00:00:00Z
Turkey,16295817,99678,0,16196139,2022-08-12T00:00:00Z
Turkey,16295817,99678,0,16196139,2022-08-13T00:00:00Z
Turkey,16295817,99678,0,16196139,2022-08-14T00:00:00Z
Turkey,16528070,100058,0,16428012,2022-08-16T00:00:00Z
